id,first_name,last_name,email
1,Wye,Cana,wcana0@archive.org
2,Pamela,Scain,pscain1@vk.com
3,Haroun,Pendlington,hpendlington2@fotki.com
4,Amity,Reddel,areddel3@answers.com
5,Kane,Bruckmann,kbruckmann4@comsenz.com
6,Chrissie,Culverhouse,cculverhouse5@go.com
7,Sol,Keddle,skeddle6@twitter.com
8,Travis,Last,tlast7@house.gov
9,Carrissa,Boyne,cboyne8@mapy.cz
10,Issiah,Haynes,ihaynes9@thetimes.co.uk
11,Terra,Gellier,tgelliera@comcast.net
12,Marysa,Jellett,mjellettb@jigsy.com
13,Ottilie,Vernham,overnhamc@taobao.com
14,Gretal,Lints,glintsd@apple.com
15,Emmy,Tivenan,etivenane@seesaa.net
16,Marya,Kliche,mklichef@hatena.ne.jp
17,Andriana,Brannan,abrannang@opera.com
18,Vivia,McQuillin,vmcquillinh@acquirethisname.com
19,Deanna,Geibel,dgeibeli@miitbeian.gov.cn
20,Jade,Golbourn,jgolbournj@over-blog.com
21,Zelig,Bensusan,zbensusank@xrea.com
22,Duff,Dudding,dduddingl@g.co
23,Osborn,Mattussevich,omattussevichm@miibeian.gov.cn
24,Svend,Clucas,sclucasn@theglobeandmail.com
25,Margaux,Rawsen,mrawseno@soup.io
26,Sherwood,McCraine,smccrainep@go.com
27,Bronnie,Monery,bmoneryq@globo.com
28,Eve,Presnail,epresnailr@washington.edu
29,Cam,Jean,cjeans@ovh.net
30,Friedrich,Lowdes,flowdest@hao123.com
31,Domingo,Newnham,dnewnhamu@auda.org.au
32,Mordecai,Shinefield,mshinefieldv@jiathis.com
33,Ainsley,Haggidon,ahaggidonw@stumbleupon.com
34,Magdalen,Anfusso,manfussox@tiny.cc
35,Juana,Ricardin,jricardiny@free.fr
36,Sandor,Ridpath,sridpathz@seattletimes.com
37,Theresa,Sherbourne,tsherbourne10@ask.com
38,Leona,Szymanowicz,lszymanowicz11@multiply.com
39,Albertina,Stave,astave12@nature.com
40,Chrissie,Hevey,chevey13@prweb.com
41,Ryley,McElwee,rmcelwee14@oracle.com
42,Rogerio,Dohrmann,rdohrmann15@wikia.com
43,Chalmers,Cowcha,ccowcha16@livejournal.com
44,Penelopa,di Rocca,pdirocca17@alexa.com
45,Ekaterina,Rioch,erioch18@shutterfly.com
46,Rudolfo,Fifield,rfifield19@wired.com
47,Taryn,Robshaw,trobshaw1a@yellowbook.com
48,Glenine,Rose,grose1b@blog.com
49,Dyan,MacInherney,dmacinherney1c@twitpic.com
50,Barret,Arnaudon,barnaudon1d@wisc.edu
51,Broderic,Charman,bcharman1e@so-net.ne.jp
52,Candice,Cathesyed,ccathesyed1f@so-net.ne.jp
53,Efrem,Titcomb,etitcomb1g@google.co.uk
54,Marietta,D'Alessio,mdalessio1h@51.la
55,Dione,Castagne,dcastagne1i@blog.com
56,Dorian,Colhoun,dcolhoun1j@google.ru
57,Cathe,Matteacci,cmatteacci1k@upenn.edu
58,Gustie,Hastelow,ghastelow1l@arstechnica.com
59,Maighdiln,Greenaway,mgreenaway1m@github.io
60,Edward,Willshear,ewillshear1n@flavors.me
61,Ashely,Perrottet,aperrottet1o@gmpg.org
62,Isidore,Thatcham,ithatcham1p@xing.com
63,Gay,Gallen,ggallen1q@berkeley.edu
64,Tierney,Zealey,tzealey1r@reverbnation.com
65,Marice,Stainburn,mstainburn1s@timesonline.co.uk
66,Roxane,Virgoe,rvirgoe1t@eventbrite.com
67,Sandie,Bear,sbear1u@imgur.com
68,Brittan,Bullas,bbullas1v@yahoo.co.jp
69,Frieda,Sizzey,fsizzey1w@cargocollective.com
70,Wilma,Klesse,wklesse1x@dailymotion.com
71,Irvin,Botly,ibotly1y@huffingtonpost.com
72,Ronald,Beels,rbeels1z@yahoo.co.jp
73,Galven,Bettley,gbettley20@yale.edu
74,Darcy,Gouldthorp,dgouldthorp21@auda.org.au
75,Brand,Snow,bsnow22@howstuffworks.com
76,Martica,Birwhistle,mbirwhistle23@usa.gov
77,Ashby,Werrett,awerrett24@creativecommons.org
78,Julienne,Patullo,jpatullo25@meetup.com
79,Noll,Joffe,njoffe26@blogtalkradio.com
80,Gasparo,Lewton,glewton27@businesswire.com
81,Juli,Scholl,jscholl28@51.la
82,Sapphire,Southcoat,ssouthcoat29@ustream.tv
83,Kinnie,Earengey,kearengey2a@freewebs.com
84,Alex,Catterall,acatterall2b@miibeian.gov.cn
85,Bobbye,Hullyer,bhullyer2c@usatoday.com
86,Lucien,Ovill,lovill2d@arizona.edu
87,Farris,Cargo,fcargo2e@msn.com
88,Liuka,Eyton,leyton2f@so-net.ne.jp
89,Martelle,Wolpert,mwolpert2g@answers.com
90,Yolanda,Dunseath,ydunseath2h@google.fr
91,Karly,Mainstone,kmainstone2i@examiner.com
92,Chlo,Manifield,cmanifield2j@quantcast.com
93,Valerye,Wilfing,vwilfing2k@va.gov
94,Melisa,Littlecote,mlittlecote2l@psu.edu
95,Ferd,Warrilow,fwarrilow2m@ifeng.com
96,Damon,Avarne,davarne2n@cocolog-nifty.com
97,Quintilla,Paterno,qpaterno2o@bloglovin.com
98,Auria,Howship,ahowship2p@livejournal.com
99,Geralda,Eixenberger,geixenberger2q@technorati.com
100,Clerkclaude,O'Brallaghan,cobrallaghan2r@nationalgeographic.com
101,Arlen,Curnok,acurnok2s@slashdot.org
102,Kerrie,Woolveridge,kwoolveridge2t@cam.ac.uk
103,Ty,Rooms,trooms2u@oaic.gov.au
104,Jacobo,Frowd,jfrowd2v@lycos.com
105,Husein,McMorland,hmcmorland2w@comcast.net
106,Ellswerth,Stollmeier,estollmeier2x@wordpress.org
107,Orton,Profit,oprofit2y@jiathis.com
108,Shurlock,Brewitt,sbrewitt2z@paginegialle.it
109,Kristoforo,Cocher,kcocher30@fotki.com
110,Cozmo,Sharnock,csharnock31@elegantthemes.com
111,Sybille,Machan,smachan32@google.ru
112,Jeramey,L' Estrange,jlestrange33@dell.com
113,Shannon,Haskayne,shaskayne34@amazon.co.jp
114,Rosalyn,Stanway,rstanway35@nymag.com
115,Jaye,Springate,jspringate36@reddit.com
116,Kirby,MacAlroy,kmacalroy37@upenn.edu
117,Caitlin,Giurio,cgiurio38@cnet.com
118,Angie,MacCaughan,amaccaughan39@vkontakte.ru
119,Gerhardt,Godbert,ggodbert3a@tamu.edu
120,Angy,Cornbill,acornbill3b@archive.org
121,Wes,Ruslin,wruslin3c@parallels.com
122,Giustino,Koba,gkoba3d@ning.com
123,Babbette,Testo,btesto3e@arizona.edu
124,Denver,O'Dougherty,dodougherty3f@harvard.edu
125,Felice,Gentle,fgentle3g@mlb.com
126,Lula,Di Maggio,ldimaggio3h@cafepress.com
127,Alano,Schiell,aschiell3i@yelp.com
128,Roxanne,Sennett,rsennett3j@addtoany.com
129,Zachery,Iffland,ziffland3k@wiley.com
130,Olia,Gratten,ogratten3l@sitemeter.com
131,Cathrin,Gotts,cgotts3m@cnn.com
132,Mano,Willacot,mwillacot3n@over-blog.com
133,Lyndsie,Dohmer,ldohmer3o@fc2.com
134,Teodoro,Agass,tagass3p@prweb.com
135,Dianne,MacCarroll,dmaccarroll3q@clickbank.net
136,Anthe,Calwell,acalwell3r@reddit.com
137,Gannie,Marriot,gmarriot3s@spiegel.de
138,Kriste,Emerton,kemerton3t@thetimes.co.uk
139,Odelle,Cranham,ocranham3u@moonfruit.com
140,Alanna,McGarvie,amcgarvie3v@mail.ru
141,Eb,Rayhill,erayhill3w@ucla.edu
142,Nelli,de Banke,ndebanke3x@intel.com
143,Korney,Withringten,kwithringten3y@prweb.com
144,Marris,Stones,mstones3z@wix.com
145,Ansel,Hanwell,ahanwell40@craigslist.org
146,Kala,Charrier,kcharrier41@dmoz.org
147,Mada,Chandlar,mchandlar42@statcounter.com
148,Shepperd,Weavill,sweavill43@jigsy.com
149,Peadar,Laweles,plaweles44@cpanel.net
150,Ozzie,Loncaster,oloncaster45@so-net.ne.jp
151,Gill,Ledeker,gledeker46@nhs.uk
152,Laryssa,Caughan,lcaughan47@time.com
153,Annalise,Alessandrelli,aalessandrelli48@cmu.edu
154,Penrod,Mechic,pmechic49@gnu.org
155,Meyer,Cruden,mcruden4a@joomla.org
156,Delphine,Carlino,dcarlino4b@example.com
157,Pacorro,Sharville,psharville4c@baidu.com
158,Duke,Bidder,dbidder4d@hostgator.com
159,Junie,Boow,jboow4e@bluehost.com
160,Douglas,Joyson,djoyson4f@toplist.cz
161,Daloris,Guirau,dguirau4g@mac.com
162,Tabitha,Gernier,tgernier4h@arstechnica.com
163,Marlo,Currie,mcurrie4i@japanpost.jp
164,Lotti,Budnk,lbudnk4j@redcross.org
165,Shane,Carlesi,scarlesi4k@un.org
166,Marybelle,Erie,merie4l@sphinn.com
167,Ossie,Peaden,opeaden4m@weibo.com
168,Angelina,Vokins,avokins4n@eventbrite.com
169,Juliann,Potkins,jpotkins4o@msu.edu
170,Griz,Ranaghan,granaghan4p@weebly.com
171,Trumaine,Keyson,tkeyson4q@huffingtonpost.com
172,Conan,Renner,crenner4r@pbs.org
173,Douglas,Davinet,ddavinet4s@gnu.org
174,Natividad,Le Hucquet,nlehucquet4t@cnn.com
175,Maximilien,Mannock,mmannock4u@vistaprint.com
176,Brigitte,Kimmons,bkimmons4v@zdnet.com
177,Dwayne,Lakeland,dlakeland4w@shop-pro.jp
178,Gilberto,Dable,gdable4x@who.int
179,Mira,Belcham,mbelcham4y@seesaa.net
180,Maritsa,De Rechter,mderechter4z@cyberchimps.com
181,Rowe,McGinney,rmcginney50@woothemes.com
182,Reamonn,Duplock,rduplock51@harvard.edu
183,Evelyn,Cozby,ecozby52@gov.uk
184,Perl,Hulkes,phulkes53@barnesandnoble.com
185,Francklyn,Spinley,fspinley54@vkontakte.ru
186,Jeff,Toulmin,jtoulmin55@dropbox.com
187,Gerianna,Jotcham,gjotcham56@sun.com
188,Barby,Petrello,bpetrello57@sohu.com
189,Brad,Kelloch,bkelloch58@state.gov
190,Willey,Gunthorpe,wgunthorpe59@linkedin.com
191,Mimi,Butchart,mbutchart5a@meetup.com
192,Danya,Meharry,dmeharry5b@europa.eu
193,Vergil,Ickeringill,vickeringill5c@bbb.org
194,Gretal,Attoe,gattoe5d@gmpg.org
195,Joelynn,Cowderoy,jcowderoy5e@adobe.com
196,Imojean,Stockhill,istockhill5f@photobucket.com
197,Emilia,Leasor,eleasor5g@quantcast.com
198,Karoly,Jarnell,kjarnell5h@tiny.cc
199,Wendye,Bezant,wbezant5i@godaddy.com
200,Godiva,Pughsley,gpughsley5j@domainmarket.com
201,Rena,Golledge,rgolledge5k@fc2.com
202,Bryana,Rizzardi,brizzardi5l@issuu.com
203,Nichol,Wittman,nwittman5m@tinyurl.com
204,Trey,Bernolet,tbernolet5n@weibo.com
205,Kiah,Totman,ktotman5o@yandex.ru
206,Pandora,Rickersy,prickersy5p@jalbum.net
207,Amity,Wanstall,awanstall5q@123-reg.co.uk
208,Tamarra,Fletham,tfletham5r@trellian.com
209,Binny,Hagergham,bhagergham5s@cafepress.com
210,Ethelred,Wennington,ewennington5t@1und1.de
211,Jillana,McAnalley,jmcanalley5u@51.la
212,Nessy,Waldram,nwaldram5v@gizmodo.com
213,Tonnie,Simnel,tsimnel5w@indiatimes.com
214,Tremaine,Dounbare,tdounbare5x@wp.com
215,Ralina,Jeaneau,rjeaneau5y@biblegateway.com
216,Francisca,Haseldine,fhaseldine5z@issuu.com
217,Albert,Picheford,apicheford60@ucoz.com
218,Kayle,Dunan,kdunan61@multiply.com
219,Tilda,Baleine,tbaleine62@time.com
220,Idelle,Pollen,ipollen63@newsvine.com
221,Dav,McGeffen,dmcgeffen64@taobao.com
222,Vernor,Brimner,vbrimner65@microsoft.com
223,Micki,Davidofski,mdavidofski66@vimeo.com
224,Laura,Guiel,lguiel67@phoca.cz
225,Darcy,Castella,dcastella68@earthlink.net
226,Eadmund,Wressell,ewressell69@yahoo.com
227,Jacqueline,Christy,jchristy6a@slashdot.org
228,Derron,Scutter,dscutter6b@360.cn
229,Claybourne,Longthorn,clongthorn6c@epa.gov
230,Read,Cranham,rcranham6d@unblog.fr
231,Ashley,Halkyard,ahalkyard6e@printfriendly.com
232,Cristen,Fitt,cfitt6f@ucoz.ru
233,Hannah,Jarley,hjarley6g@histats.com
234,Celisse,Schulze,cschulze6h@plala.or.jp
235,Conchita,Collingdon,ccollingdon6i@timesonline.co.uk
236,Cirillo,Kennford,ckennford6j@networkadvertising.org
237,Natal,Draycott,ndraycott6k@flickr.com
238,Gael,O'Cooney,gocooney6l@istockphoto.com
239,Westleigh,Maurice,wmaurice6m@tripadvisor.com
240,Cari,Kinner,ckinner6n@bigcartel.com
241,Shelby,Lisimore,slisimore6o@weebly.com
242,Jenn,Steet,jsteet6p@fc2.com
243,Terrence,Astley,tastley6q@phpbb.com
244,Giffard,Wind,gwind6r@latimes.com
245,Estele,Oxby,eoxby6s@nationalgeographic.com
246,Corbet,Pavinese,cpavinese6t@ted.com
247,Rab,Kopp,rkopp6u@narod.ru
248,Ryley,Durand,rdurand6v@craigslist.org
249,Ursulina,Cadden,ucadden6w@studiopress.com
250,Genia,Trevaskus,gtrevaskus6x@prlog.org
251,Arlyn,Leonards,aleonards6y@desdev.cn
252,Amalea,Colyer,acolyer6z@woothemes.com
253,Kipper,Glas,kglas70@amazonaws.com
254,Haroun,McElhargy,hmcelhargy71@pinterest.com
255,Lois,Batson,lbatson72@bloomberg.com
256,Trenton,Shapira,tshapira73@free.fr
257,Emilia,Popland,epopland74@rakuten.co.jp
258,Magdalene,Lohrensen,mlohrensen75@ehow.com
259,Agna,Colnet,acolnet76@theglobeandmail.com
260,Dulcine,Okenden,dokenden77@mlb.com
261,Juana,Jado,jjado78@hatena.ne.jp
262,Harvey,Ramel,hramel79@alexa.com
263,Clevey,Pennycook,cpennycook7a@sohu.com
264,Kameko,Hoyland,khoyland7b@cdbaby.com
265,Bekki,Hulson,bhulson7c@google.ca
266,Rollins,Whitechurch,rwhitechurch7d@jiathis.com
267,Caterina,Kwiek,ckwiek7e@wunderground.com
268,Lottie,Hulbert,lhulbert7f@networkadvertising.org
269,Gerek,Pratte,gpratte7g@ustream.tv
270,Page,McKall,pmckall7h@tripod.com
271,Benton,Bromet,bbromet7i@goodreads.com
272,Briggs,MacKnight,bmacknight7j@imdb.com
273,Benny,Montfort,bmontfort7k@epa.gov
274,Ilse,Verrechia,iverrechia7l@forbes.com
275,Brynna,Riepl,briepl7m@weibo.com
276,Bo,Diamond,bdiamond7n@home.pl
277,Ely,Snow,esnow7o@census.gov
278,Helga,Whales,hwhales7p@shareasale.com
279,Kore,Cuthbertson,kcuthbertson7q@nhs.uk
280,Anastassia,Ortell,aortell7r@twitpic.com
281,Aeriell,Gocher,agocher7s@utexas.edu
282,Christoph,Melly,cmelly7t@e-recht24.de
283,Miguel,Barnshaw,mbarnshaw7u@hugedomains.com
284,Mignon,Lintin,mlintin7v@tinyurl.com
285,Annissa,Powrie,apowrie7w@imdb.com
286,Luther,Conkie,lconkie7x@phpbb.com
287,Vernen,Veljes,vveljes7y@lycos.com
288,Cornie,Rump,crump7z@google.pl
289,Pennie,Chessel,pchessel80@sogou.com
290,Jennie,Caddick,jcaddick81@bravesites.com
291,Jarib,Garnham,jgarnham82@sohu.com
292,Wang,Nisbith,wnisbith83@dailymotion.com
293,Brock,Dalgliesh,bdalgliesh84@japanpost.jp
294,Anne-corinne,Murford,amurford85@rakuten.co.jp
295,Timmie,Kenwell,tkenwell86@friendfeed.com
296,Basil,Blakelock,bblakelock87@newyorker.com
297,Laverne,Wilding,lwilding88@unblog.fr
298,Saidee,Knowler,sknowler89@stanford.edu
299,Marika,Hamley,mhamley8a@jimdo.com
300,Chancey,Surgeon,csurgeon8b@biglobe.ne.jp
301,Hilton,Galsworthy,hgalsworthy8c@dedecms.com
302,Jerald,Skates,jskates8d@com.com
303,Karie,Clubb,kclubb8e@who.int
304,Arri,Orbon,aorbon8f@1und1.de
305,Teodoor,Kingsnoad,tkingsnoad8g@aboutads.info
306,Rivi,Bellany,rbellany8h@vkontakte.ru
307,Jonah,Plitz,jplitz8i@wordpress.org
308,Shane,Southcott,ssouthcott8j@creativecommons.org
309,Avril,Hambridge,ahambridge8k@usda.gov
310,Aldridge,Vassall,avassall8l@homestead.com
311,Zachary,Mordecai,zmordecai8m@instagram.com
312,Raina,Tudhope,rtudhope8n@t.co
313,Sande,Blyth,sblyth8o@example.com
314,Em,McCusker,emccusker8p@fema.gov
315,Jamima,Jozsika,jjozsika8q@apple.com
316,Kerianne,Baldree,kbaldree8r@uiuc.edu
317,Pail,Gertray,pgertray8s@imageshack.us
318,Lynea,Shyre,lshyre8t@geocities.com
319,Jo ann,Dilloway,jdilloway8u@nhs.uk
320,Elianore,Kightly,ekightly8v@webnode.com
321,Gallagher,Radley,gradley8w@163.com
322,Alwin,Kaysor,akaysor8x@vkontakte.ru
323,Selia,Loreit,sloreit8y@typepad.com
324,Orran,Mansour,omansour8z@dailymail.co.uk
325,Roby,Davidowich,rdavidowich90@squarespace.com
326,Arturo,Bartle,abartle91@i2i.jp
327,Babara,Letchford,bletchford92@elpais.com
328,Olly,Northall,onorthall93@4shared.com
329,Johannah,Kidner,jkidner94@walmart.com
330,Delaney,Chipperfield,dchipperfield95@accuweather.com
331,Brantley,Cahey,bcahey96@latimes.com
332,Boyce,Klebes,bklebes97@cpanel.net
333,Nevin,Gogin,ngogin98@posterous.com
334,Eric,Beardsdale,ebeardsdale99@usda.gov
335,Valaree,Yancey,vyancey9a@statcounter.com
336,Kevan,Busby,kbusby9b@technorati.com
337,Elianore,Batman,ebatman9c@foxnews.com
338,Barret,Mottley,bmottley9d@delicious.com
339,Clarisse,Kleinfeld,ckleinfeld9e@sphinn.com
340,Borden,Greim,bgreim9f@zimbio.com
341,Jarib,Jeandet,jjeandet9g@whitehouse.gov
342,Loria,Mastrantone,lmastrantone9h@i2i.jp
343,Emory,Flatte,eflatte9i@ehow.com
344,Blinni,Josland,bjosland9j@narod.ru
345,Rosco,Jammes,rjammes9k@businessweek.com
346,Adoree,Shatliffe,ashatliffe9l@ted.com
347,Dosi,Von Welden,dvonwelden9m@booking.com
348,Ralf,Hinsche,rhinsche9n@ustream.tv
349,Nonnah,Kirgan,nkirgan9o@google.com.br
350,Amity,Ferran,aferran9p@psu.edu
351,Wittie,Sprulls,wsprulls9q@usa.gov
352,Lenna,Dike,ldike9r@so-net.ne.jp
353,Olympie,Kimmons,okimmons9s@fema.gov
354,Sarajane,Western,swestern9t@independent.co.uk
355,Blancha,Spicer,bspicer9u@dailymail.co.uk
356,Melita,Pagelsen,mpagelsen9v@diigo.com
357,Clive,Palister,cpalister9w@bandcamp.com
358,Meaghan,Cliffe,mcliffe9x@senate.gov
359,Karlen,Johns,kjohns9y@google.pl
360,Frederique,Woolaston,fwoolaston9z@com.com
361,Bradan,Main,bmaina0@nsw.gov.au
362,Bernita,Joyson,bjoysona1@redcross.org
363,Baillie,Ewen,bewena2@narod.ru
364,Marin,Kleszinski,mkleszinskia3@rakuten.co.jp
365,Ashlen,Cutchie,acutchiea4@phoca.cz
366,Cletus,Hysom,chysoma5@oakley.com
367,Brana,Briant,bbrianta6@friendfeed.com
368,Latrina,Wales,lwalesa7@miitbeian.gov.cn
369,Eveleen,Proudler,eproudlera8@accuweather.com
370,Rowe,Jersch,rjerscha9@tmall.com
371,Meade,Hawton,mhawtonaa@1und1.de
372,Carroll,Rubica,crubicaab@microsoft.com
373,Kahaleel,Acland,kaclandac@vimeo.com
374,Davy,Levick,dlevickad@techcrunch.com
375,Ellette,Summerrell,esummerrellae@godaddy.com
376,Jacintha,Dossetter,jdossetteraf@hao123.com
377,Adrien,Tayspell,atayspellag@ebay.com
378,Barrett,Kiddy,bkiddyah@yolasite.com
379,Bernete,Shawdforth,bshawdforthai@php.net
380,Natassia,Medway,nmedwayaj@constantcontact.com
381,Arley,McQuillan,amcquillanak@house.gov
382,Arley,Basson,abassonal@quantcast.com
383,Ewen,Edgeson,eedgesonam@elpais.com
384,Brandy,Rigge,briggean@bluehost.com
385,Joanie,Meech,jmeechao@tinypic.com
386,Karoly,Shivell,kshivellap@miitbeian.gov.cn
387,Phillie,Hazeldean,phazeldeanaq@sciencedaily.com
388,Harvey,Ropars,hroparsar@utexas.edu
389,April,Brookesbie,abrookesbieas@huffingtonpost.com
390,Auberta,Hosier,ahosierat@woothemes.com
391,Otha,Kleinlerer,okleinlererau@cocolog-nifty.com
392,Susie,Baignard,sbaignardav@eepurl.com
393,Jerrome,D'Ambrogio,jdambrogioaw@yellowpages.com
394,Charmian,Cawcutt,ccawcuttax@altervista.org
395,Benedicto,Tomicki,btomickiay@deliciousdays.com
396,Shae,Fenimore,sfenimoreaz@youtu.be
397,Hildagarde,Verdun,hverdunb0@wikimedia.org
398,Theresa,O'Kinedy,tokinedyb1@boston.com
399,Denney,Pape,dpapeb2@home.pl
400,Sharl,Audrey,saudreyb3@amazon.co.uk
401,Levey,McGillivrie,lmcgillivrieb4@last.fm
402,Geralda,Sporton,gsportonb5@plala.or.jp
403,Malena,Heinonen,mheinonenb6@godaddy.com
404,Rochette,Gaddes,rgaddesb7@com.com
405,Phillida,Lerhinan,plerhinanb8@typepad.com
406,Julietta,Heggie,jheggieb9@chron.com
407,Ruggiero,Leggitt,rleggittba@vk.com
408,Neron,Franzolini,nfranzolinibb@sohu.com
409,Barri,Matevosian,bmatevosianbc@alexa.com
410,Cher,Gounard,cgounardbd@ifeng.com
411,Karim,Willes,kwillesbe@bigcartel.com
412,Bella,Aspray,baspraybf@va.gov
413,Nikolia,Redferne,nredfernebg@huffingtonpost.com
414,Von,Illiston,villistonbh@salon.com
415,Finley,McLurg,fmclurgbi@blogger.com
416,Germain,Chown,gchownbj@blinklist.com
417,Madelle,Lavelle,mlavellebk@hibu.com
418,Kleon,Gower,kgowerbl@blogs.com
419,Harrietta,Douthwaite,hdouthwaitebm@t.co
420,Pru,Pittendreigh,ppittendreighbn@github.com
421,Norma,Titcumb,ntitcumbbo@gizmodo.com
422,Natasha,Sherrott,nsherrottbp@live.com
423,Alan,Schulken,aschulkenbq@desdev.cn
424,Anetta,Hutson,ahutsonbr@4shared.com
425,Hobey,Brickner,hbricknerbs@redcross.org
426,Rosemaria,Earingey,rearingeybt@unicef.org
427,Esteban,Scapens,escapensbu@blogspot.com
428,Leland,Livings,llivingsbv@auda.org.au
429,Riane,Fillimore,rfillimorebw@ovh.net
430,Ferdinande,Ickovitz,fickovitzbx@nifty.com
431,Nobie,Danielou,ndanielouby@google.com.au
432,Orazio,Gargett,ogargettbz@cbc.ca
433,Shayne,Clerk,sclerkc0@twitter.com
434,Pooh,Birkinshaw,pbirkinshawc1@youku.com
435,Tedie,Pero,tperoc2@123-reg.co.uk
436,Sibley,Caught,scaughtc3@wisc.edu
437,Roselin,Reading,rreadingc4@sfgate.com
438,Saxe,Rivilis,srivilisc5@devhub.com
439,Tuesday,Rames,tramesc6@google.fr
440,Immanuel,Waggett,iwaggettc7@shareasale.com
441,Grace,De Freyne,gdefreynec8@godaddy.com
442,Michele,Rehn,mrehnc9@wordpress.org
443,Kikelia,Bentke,kbentkeca@ihg.com
444,Dino,Woolfitt,dwoolfittcb@networksolutions.com
445,Jacky,McGilvary,jmcgilvarycc@arizona.edu
446,Colby,Jeffcock,cjeffcockcd@qq.com
447,Dean,Garmey,dgarmeyce@goo.gl
448,Kanya,O' Finan,kofinancf@ftc.gov
449,Rubina,Lacrouts,rlacroutscg@friendfeed.com
450,Dacey,Maughan,dmaughanch@nhs.uk
451,Deedee,Fishly,dfishlyci@list-manage.com
452,Maure,Stovold,mstovoldcj@earthlink.net
453,Robinet,Spanswick,rspanswickck@cdbaby.com
454,Melita,Papachristophorou,mpapachristophoroucl@abc.net.au
455,Mendie,Dacey,mdaceycm@webmd.com
456,Claudius,Amberg,cambergcn@123-reg.co.uk
457,Nara,Mannock,nmannockco@list-manage.com
458,Nealson,Broggetti,nbroggetticp@yellowpages.com
459,Ruth,Taylorson,rtaylorsoncq@slate.com
460,Joscelin,Gahagan,jgahagancr@constantcontact.com
461,Hersh,Crump,hcrumpcs@yellowbook.com
462,Carley,Knowlden,cknowldenct@washington.edu
463,Ollie,De Meis,odemeiscu@amazon.de
464,Lynette,Fradgley,lfradgleycv@abc.net.au
465,Dacie,Withrington,dwithringtoncw@house.gov
466,Jacky,Semerad,jsemeradcx@arizona.edu
467,Corny,Carabet,ccarabetcy@about.com
468,Renae,Enterlein,renterleincz@arstechnica.com
469,Effie,Weir,eweird0@1und1.de
470,Jim,Fearon,jfearond1@usda.gov
471,Bord,Ronayne,bronayned2@unicef.org
472,Tami,Totterdell,ttotterdelld3@t.co
473,Padget,Josuweit,pjosuweitd4@webmd.com
474,Conrade,Mattsson,cmattssond5@who.int
475,Melisandra,Radley,mradleyd6@phpbb.com
476,Lucky,Ilewicz,lilewiczd7@deviantart.com
477,Leann,Fidgeon,lfidgeond8@arizona.edu
478,Ronnie,Domke,rdomked9@hao123.com
479,Richart,Sweatman,rsweatmanda@cyberchimps.com
480,Oneida,Norville,onorvilledb@mediafire.com
481,Marlene,Rewbottom,mrewbottomdc@booking.com
482,Abigale,Maitland,amaitlanddd@xing.com
483,Carmela,Dumingo,cdumingode@blogger.com
484,Lani,Ethelstone,lethelstonedf@paypal.com
485,Wilhelm,Wroughton,wwroughtondg@arizona.edu
486,Kennie,Featonby,kfeatonbydh@e-recht24.de
487,Sharon,Billanie,sbillaniedi@odnoklassniki.ru
488,Jami,Marciek,jmarciekdj@histats.com
489,Chickie,Percival,cpercivaldk@imdb.com
490,Joanne,Seivertsen,jseivertsendl@state.gov
491,Davita,Tonge,dtongedm@phpbb.com
492,Rey,Gelling,rgellingdn@alibaba.com
493,Randa,Tomaszewski,rtomaszewskido@yale.edu
494,Zollie,Eirwin,zeirwindp@multiply.com
495,Leland,Drissell,ldrisselldq@globo.com
496,Dehlia,Kristoffersson,dkristofferssondr@stumbleupon.com
497,Windy,Jurasek,wjurasekds@dot.gov
498,Noreen,Moylan,nmoylandt@disqus.com
499,Perla,Espinazo,pespinazodu@github.io
500,Kathrine,Pedlow,kpedlowdv@ucsd.edu
501,Missy,Tamburo,mtamburodw@so-net.ne.jp
502,Corey,Seth,csethdx@examiner.com
503,Kirstyn,Slorach,kslorachdy@gravatar.com
504,Tamera,Edmondson,tedmondsondz@ustream.tv
505,Guthry,Losselyong,glosselyonge0@msu.edu
506,Alvis,Bunting,abuntinge1@google.ca
507,Joseph,Blazdell,jblazdelle2@furl.net
508,Jessee,Abilowitz,jabilowitze3@ezinearticles.com
509,Derby,Shephard,dshepharde4@51.la
510,Amanda,Corinton,acorintone5@who.int
511,Cass,Phillpot,cphillpote6@topsy.com
512,Darcie,Fritter,dfrittere7@ted.com
513,Eyde,Joyes,ejoyese8@facebook.com
514,Zaneta,Sanper,zsanpere9@cnn.com
515,Tammy,Peris,tperisea@techcrunch.com
516,Elnora,Ancell,eancelleb@weather.com
517,Celina,MacIllrick,cmacillrickec@paginegialle.it
518,Tasia,Crickmore,tcrickmoreed@twitpic.com
519,Bibby,Jaggi,bjaggiee@oakley.com
520,Juanita,Baake,jbaakeef@artisteer.com
521,Emmalee,Jeacock,ejeacockeg@seesaa.net
522,Yasmin,Stamp,ystampeh@abc.net.au
523,Sheff,Heare,sheareei@oracle.com
524,Hali,Philott,hphilottej@google.nl
525,Pembroke,Seeger,pseegerek@drupal.org
526,Karel,Beevor,kbeevorel@alexa.com
527,Leonardo,Murrum,lmurrumem@google.es
528,Jackelyn,Connichie,jconnichieen@google.ca
529,Jobina,Habron,jhabroneo@vimeo.com
530,Byrann,Yarrow,byarrowep@sciencedirect.com
531,Udell,Ruperto,urupertoeq@rediff.com
532,Glyn,Hogben,ghogbener@yellowbook.com
533,Ado,Cann,acannes@webmd.com
534,Tymon,Kitman,tkitmanet@lycos.com
535,Emmy,Easthope,eeasthopeeu@oaic.gov.au
536,Casar,Shermar,cshermarev@ucoz.com
537,Lillian,Arnaldi,larnaldiew@tinypic.com
538,Sherry,Surpliss,ssurplissex@hostgator.com
539,Filberte,Castleman,fcastlemaney@yale.edu
540,Gilbertina,Crotch,gcrotchez@ed.gov
541,Jarad,Doumic,jdoumicf0@biglobe.ne.jp
542,Uri,Zambon,uzambonf1@foxnews.com
543,Sybila,Dulanty,sdulantyf2@cbc.ca
544,Cathee,Witson,cwitsonf3@deliciousdays.com
545,Anny,Kettel,akettelf4@abc.net.au
546,Umberto,Strawbridge,ustrawbridgef5@ft.com
547,Trent,Reyes,treyesf6@sohu.com
548,Meghann,Endley,mendleyf7@ovh.net
549,Shurlock,Burrill,sburrillf8@about.com
550,Roze,Mosedill,rmosedillf9@upenn.edu
551,Uriah,Braddock,ubraddockfa@vkontakte.ru
552,Amalie,Dodding,adoddingfb@wired.com
553,Juditha,Cantwell,jcantwellfc@soundcloud.com
554,Constantine,O'Dennehy,codennehyfd@pagesperso-orange.fr
555,Tabbie,Billingham,tbillinghamfe@about.me
556,Hallsy,McNeil,hmcneilff@digg.com
557,Alfons,Mehmet,amehmetfg@vistaprint.com
558,Jackelyn,Clemenzo,jclemenzofh@hhs.gov
559,Clemens,Dunsmuir,cdunsmuirfi@amazon.de
560,Tynan,Spencock,tspencockfj@ibm.com
561,Gabriel,Sorbey,gsorbeyfk@comsenz.com
562,Joela,Yancey,jyanceyfl@w3.org
563,Bastian,Pringle,bpringlefm@ocn.ne.jp
564,Lanita,Colliford,lcollifordfn@example.com
565,Tammie,Redman,tredmanfo@vinaora.com
566,Dorree,Del Checolo,ddelchecolofp@google.pl
567,Velvet,Shinn,vshinnfq@goo.ne.jp
568,Teodor,Longhorn,tlonghornfr@mozilla.org
569,Beatrisa,Whitworth,bwhitworthfs@si.edu
570,Westleigh,Limer,wlimerft@amazonaws.com
571,Hilda,Spieght,hspieghtfu@last.fm
572,Roze,Newham,rnewhamfv@newyorker.com
573,Bridgette,Brompton,bbromptonfw@meetup.com
574,Barris,Gelly,bgellyfx@plala.or.jp
575,Noreen,Dankov,ndankovfy@plala.or.jp
576,Nealy,Georgeon,ngeorgeonfz@adobe.com
577,Karlan,West-Frimley,kwestfrimleyg0@qq.com
578,Alys,Hedlestone,ahedlestoneg1@webeden.co.uk
579,Joannes,Hardesty,jhardestyg2@intel.com
580,Francis,Thompstone,fthompstoneg3@dot.gov
581,Cecilia,Meekin,cmeeking4@1und1.de
582,Stearne,Jeandillou,sjeandilloug5@omniture.com
583,Em,Pettendrich,epettendrichg6@businesswire.com
584,Sutton,Shay,sshayg7@answers.com
585,Lorelle,Aubin,laubing8@gravatar.com
586,Georgi,Greenwell,ggreenwellg9@springer.com
587,Rowney,Raddon,rraddonga@wisc.edu
588,Etta,Kelk,ekelkgb@chicagotribune.com
589,Muffin,Bernucci,mbernuccigc@cyberchimps.com
590,Lay,Haglington,lhaglingtongd@yelp.com
591,Kalle,Cuttin,kcuttinge@wikia.com
592,Nydia,Moff,nmoffgf@dropbox.com
593,Alexa,Bantick,abantickgg@bluehost.com
594,Urban,Durnian,udurniangh@seesaa.net
595,Jobey,Karslake,jkarslakegi@squidoo.com
596,Sib,Bunce,sbuncegj@facebook.com
597,Cash,MacDowal,cmacdowalgk@time.com
598,Glen,Lainton,glaintongl@creativecommons.org
599,Haze,Kefford,hkeffordgm@apple.com
600,Ulla,Iacobacci,uiacobaccign@cbsnews.com
601,Ignacio,Taggert,itaggertgo@sohu.com
602,Codi,Petch,cpetchgp@ibm.com
603,Gwenneth,Grishukhin,ggrishukhingq@dedecms.com
604,Latashia,Scandroot,lscandrootgr@cornell.edu
605,Georgeanna,Servant,gservantgs@arizona.edu
606,Xever,Petticrow,xpetticrowgt@wikipedia.org
607,Trisha,Kurtis,tkurtisgu@cisco.com
608,Kathi,Amberg,kamberggv@tinypic.com
609,Keriann,Jakes,kjakesgw@whitehouse.gov
610,Candra,Yaneev,cyaneevgx@cam.ac.uk
611,Perri,Triplow,ptriplowgy@dailymotion.com
612,Jean,Cinelli,jcinelligz@trellian.com
613,Rosalyn,Dimont,rdimonth0@cocolog-nifty.com
614,Theo,Duchenne,tduchenneh1@squidoo.com
615,Inessa,Ekless,ieklessh2@elpais.com
616,Em,Jonson,ejonsonh3@geocities.jp
617,Korrie,Cossar,kcossarh4@flickr.com
618,Tildy,Sansum,tsansumh5@omniture.com
619,Engelbert,Rowler,erowlerh6@rediff.com
620,Mag,Walker,mwalkerh7@e-recht24.de
621,Florance,Tinn,ftinnh8@nyu.edu
622,Flynn,Marke,fmarkeh9@kickstarter.com
623,Etta,Purple,epurpleha@nationalgeographic.com
624,Isahella,Yarker,iyarkerhb@gmpg.org
625,Alejandro,Widocks,awidockshc@shareasale.com
626,Claudette,Gingedale,cgingedalehd@webmd.com
627,Ashli,Kunkler,akunklerhe@bloglines.com
628,Diahann,Goullee,dgoulleehf@cocolog-nifty.com
629,Clarey,Lewins,clewinshg@comsenz.com
630,Hana,Garstan,hgarstanhh@census.gov
631,Danika,Portingale,dportingalehi@shop-pro.jp
632,Kip,Gianolini,kgianolinihj@cafepress.com
633,Luz,De Cristoforo,ldecristoforohk@ovh.net
634,Jany,de Pinna,jdepinnahl@cafepress.com
635,Jacynth,Blakeborough,jblakeboroughhm@networksolutions.com
636,Walsh,Schiefersten,wschieferstenhn@diigo.com
637,Giralda,Thrussell,gthrussellho@imageshack.us
638,Jedidiah,Rapaport,jrapaporthp@elegantthemes.com
639,Meghann,Gainsbury,mgainsburyhq@sina.com.cn
640,Elvyn,Withams,ewithamshr@mozilla.org
641,Edna,Mays,emayshs@bloglines.com
642,Garik,Feeney,gfeeneyht@blogger.com
643,Morgun,Grimme,mgrimmehu@wiley.com
644,Kare,Dealtry,kdealtryhv@unicef.org
645,Lari,Ratazzi,lratazzihw@fema.gov
646,Ulrich,Asals,uasalshx@addtoany.com
647,Patty,Corey,pcoreyhy@epa.gov
648,Sybyl,Frake,sfrakehz@npr.org
649,Sharona,Phippen,sphippeni0@delicious.com
650,Vladamir,Cluelow,vcluelowi1@cbc.ca
651,Arlen,Relph,arelphi2@dot.gov
652,Francisca,Klausewitz,fklausewitzi3@mapy.cz
653,Petey,Duetschens,pduetschensi4@e-recht24.de
654,Kaine,Coale,kcoalei5@nydailynews.com
655,Rayna,Spiring,rspiringi6@yandex.ru
656,Cherish,Smallacombe,csmallacombei7@is.gd
657,Blinny,Prendeville,bprendevillei8@liveinternet.ru
658,Jazmin,MacAree,jmacareei9@marketwatch.com
659,Marrilee,Sloan,msloania@sakura.ne.jp
660,Faulkner,Hayhurst,fhayhurstib@bluehost.com
661,Lovell,Drewett,ldrewettic@youku.com
662,Janeen,Gynni,jgynniid@networkadvertising.org
663,Kristy,Skotcher,kskotcherie@goo.ne.jp
664,Anallese,Sinderland,asinderlandif@github.com
665,Esme,Jickles,ejicklesig@shutterfly.com
666,Maurine,McDougal,mmcdougalih@google.ru
667,Jeanette,Marin,jmarinii@symantec.com
668,Hyacinthie,Lamboll,hlambollij@canalblog.com
669,Marley,Berridge,mberridgeik@diigo.com
670,Noelyn,Longworthy,nlongworthyil@bandcamp.com
671,Wittie,Deeny,wdeenyim@wisc.edu
672,Asher,Lohden,alohdenin@ovh.net
673,Janot,Ridgeway,jridgewayio@uol.com.br
674,Claybourne,Forsey,cforseyip@theatlantic.com
675,Sascha,Crosthwaite,scrosthwaiteiq@freewebs.com
676,Garrard,Kleine,gkleineir@domainmarket.com
677,Kenon,Cadwallader,kcadwalladeris@lycos.com
678,Laureen,Commusso,lcommussoit@digg.com
679,Bartholomew,Cahan,bcahaniu@simplemachines.org
680,Cristionna,Boyson,cboysoniv@stanford.edu
681,Minda,Howsam,mhowsamiw@artisteer.com
682,Carrol,Tumielli,ctumielliix@liveinternet.ru
683,Free,Pechard,fpechardiy@twitpic.com
684,Brose,Warlaw,bwarlawiz@nydailynews.com
685,Dasie,Minor,dminorj0@google.ru
686,Paul,Cranna,pcrannaj1@cnbc.com
687,Jacquelynn,MacKegg,jmackeggj2@odnoklassniki.ru
688,Rosabel,Gegay,rgegayj3@salon.com
689,Linnie,Mewha,lmewhaj4@sina.com.cn
690,Toddy,McAree,tmcareej5@amazon.com
691,Bax,Gibbs,bgibbsj6@businessinsider.com
692,Ned,Jellybrand,njellybrandj7@mtv.com
693,Deanna,Filliskirk,dfilliskirkj8@harvard.edu
694,Laney,Curnnokk,lcurnnokkj9@topsy.com
695,Emelen,Aughtie,eaughtieja@so-net.ne.jp
696,Vanya,Rooney,vrooneyjb@bloglovin.com
697,Ashley,Scardafield,ascardafieldjc@artisteer.com
698,Collete,Geist,cgeistjd@tuttocitta.it
699,Kliment,Goss,kgossje@walmart.com
700,Dyan,Paradise,dparadisejf@typepad.com
701,Heather,Banker,hbankerjg@technorati.com
702,Felix,Ilyasov,filyasovjh@bluehost.com
703,Quint,Watkiss,qwatkissji@guardian.co.uk
704,Emelia,Soppett,esoppettjj@wix.com
705,Ofella,Reedick,oreedickjk@imgur.com
706,Conny,Climo,cclimojl@xrea.com
707,Dre,Keyhoe,dkeyhoejm@princeton.edu
708,Tallia,Eitter,teitterjn@shareasale.com
709,Jeanna,Frissell,jfrisselljo@imgur.com
710,Kial,Lesurf,klesurfjp@surveymonkey.com
711,Mildred,Matts,mmattsjq@list-manage.com
712,Dexter,Goudy,dgoudyjr@illinois.edu
713,Jarrod,Bachelar,jbachelarjs@wp.com
714,Anne-marie,Siward,asiwardjt@globo.com
715,Drud,Lumb,dlumbju@illinois.edu
716,Lucia,Horstead,lhorsteadjv@sohu.com
717,Mordy,Ruppert,mruppertjw@ocn.ne.jp
718,Adrienne,Vannuccini,avannuccinijx@google.com.br
719,Herby,Jull,hjulljy@bbc.co.uk
720,Marco,Sokale,msokalejz@theatlantic.com
721,Berkeley,De Micoli,bdemicolik0@cnbc.com
722,Janeczka,Ambrosoni,jambrosonik1@biglobe.ne.jp
723,Cairistiona,Le Breton De La Vieuville,clebretondelavieuvillek2@addtoany.com
724,Brion,Tottle,btottlek3@skyrock.com
725,Ursulina,Chalke,uchalkek4@epa.gov
726,Deeanne,Butchart,dbutchartk5@unicef.org
727,Quent,Gomar,qgomark6@sakura.ne.jp
728,Tabatha,Mallya,tmallyak7@hud.gov
729,Ariana,Allabarton,aallabartonk8@patch.com
730,Norrie,O'Finan,nofinank9@theatlantic.com
731,Orin,Parres,oparreska@ucoz.com
732,Fidole,Paskin,fpaskinkb@boston.com
733,Mischa,Lethby,mlethbykc@sbwire.com
734,Fair,Keerl,fkeerlkd@omniture.com
735,Arch,Scoular,ascoularke@4shared.com
736,Tabby,Bissex,tbissexkf@multiply.com
737,Sam,Charle,scharlekg@usnews.com
738,Shel,Greenwood,sgreenwoodkh@arstechnica.com
739,Celestine,Keppin,ckeppinki@amazon.co.jp
740,Gery,Sivell,gsivellkj@phoca.cz
741,Christiano,Minillo,cminillokk@telegraph.co.uk
742,Vikki,Cardello,vcardellokl@paginegialle.it
743,Rutger,Callendar,rcallendarkm@livejournal.com
744,Dorisa,Tunny,dtunnykn@netlog.com
745,Charmane,Flather,cflatherko@aboutads.info
746,Shandie,Burbridge,sburbridgekp@storify.com
747,Cheston,O'Hoolahan,cohoolahankq@sina.com.cn
748,Griffith,O'Lunney,golunneykr@istockphoto.com
749,Baryram,Skelhorne,bskelhorneks@hugedomains.com
750,Eamon,Langforth,elangforthkt@example.com
751,Georgine,Blight,gblightku@nbcnews.com
752,Nappie,Adderson,naddersonkv@mac.com
753,Annamarie,Scally,ascallykw@networkadvertising.org
754,Lian,Munning,lmunningkx@delicious.com
755,Lyndy,McQuarter,lmcquarterky@abc.net.au
756,Humfrid,Cromar,hcromarkz@mysql.com
757,Adelbert,Killcross,akillcrossl0@patch.com
758,Deb,Klimt,dklimtl1@facebook.com
759,Jordain,Kiffin,jkiffinl2@about.me
760,Avivah,Attle,aattlel3@e-recht24.de
761,Florie,Jahndel,fjahndell4@edublogs.org
762,Lilian,Daudray,ldaudrayl5@zimbio.com
763,Loreen,Arson,larsonl6@tuttocitta.it
764,Loydie,Jurzyk,ljurzykl7@netlog.com
765,Rosemary,Cunradi,rcunradil8@reference.com
766,Randy,Lewer,rlewerl9@cam.ac.uk
767,Tommy,Wolfenden,twolfendenla@walmart.com
768,Ebonee,Thulborn,ethulbornlb@geocities.com
769,Averell,Featherstonhalgh,afeatherstonhalghlc@harvard.edu
770,Quintilla,Beardsworth,qbeardsworthld@deviantart.com
771,Vinny,Crisford,vcrisfordle@google.com.hk
772,Kalila,Simonetti,ksimonettilf@simplemachines.org
773,Jacquenetta,Itzhaki,jitzhakilg@accuweather.com
774,Lauree,Tarplee,ltarpleelh@loc.gov
775,Rosemary,Urlich,rurlichli@histats.com
776,Dale,Diess,ddiesslj@hubpages.com
777,Udall,Fairfull,ufairfulllk@qq.com
778,Aurelie,Westbrook,awestbrookll@behance.net
779,Car,McQuaker,cmcquakerlm@auda.org.au
780,Gleda,Braddick,gbraddickln@bandcamp.com
781,Gene,Sheircliffe,gsheircliffelo@twitter.com
782,Jenilee,Tourot,jtourotlp@wikipedia.org
783,Towney,Tollet,ttolletlq@fotki.com
784,Gerri,Froud,gfroudlr@netlog.com
785,Andrey,Findlow,afindlowls@nba.com
786,Clemmie,Woakes,cwoakeslt@surveymonkey.com
787,Karoline,Link,klinklu@oracle.com
788,Idaline,Rickardsson,irickardssonlv@bizjournals.com
789,Elias,Pepler,epeplerlw@epa.gov
790,Savina,Aronow,saronowlx@geocities.jp
791,Sammy,Parfitt,sparfittly@t.co
792,Sylas,Waszczyk,swaszczyklz@hibu.com
793,Em,Pedro,epedrom0@aboutads.info
794,Daisy,Lewty,dlewtym1@digg.com
795,Walliw,Le Gall,wlegallm2@statcounter.com
796,Linnell,Luffman,lluffmanm3@vinaora.com
797,Herbert,Bax,hbaxm4@cbslocal.com
798,Drucill,Hagley,dhagleym5@smh.com.au
799,Phylys,Ragate,pragatem6@macromedia.com
800,Hermon,Torpie,htorpiem7@vinaora.com
801,Emiline,Bour,ebourm8@chicagotribune.com
802,Arch,Duckfield,aduckfieldm9@wisc.edu
803,Harman,Lamburne,hlamburnema@alexa.com
804,Nora,Coulston,ncoulstonmb@google.fr
805,Bing,Jacquot,bjacquotmc@theatlantic.com
806,Roobbie,Clews,rclewsmd@devhub.com
807,Denni,Winser,dwinserme@state.tx.us
808,Alaine,Henniger,ahennigermf@sciencedirect.com
809,Blondelle,Patrickson,bpatricksonmg@discovery.com
810,Prudi,Bangle,pbanglemh@biglobe.ne.jp
811,Olly,Crutcher,ocrutchermi@skype.com
812,Gilles,Korbmaker,gkorbmakermj@themeforest.net
813,Marybelle,Massenhove,mmassenhovemk@wikia.com
814,Iona,Maccree,imaccreeml@sina.com.cn
815,Salaidh,Hunting,shuntingmm@kickstarter.com
816,Lars,Top,ltopmn@dell.com
817,Ynes,Coneybeare,yconeybearemo@uol.com.br
818,Jacqui,d' Eye,jdeyemp@ycombinator.com
819,Rozalin,Stilliard,rstilliardmq@symantec.com
820,Orelie,McQuode,omcquodemr@topsy.com
821,Gaynor,Franken,gfrankenms@weebly.com
822,Lotte,Limerick,llimerickmt@lycos.com
823,Pollyanna,Van Saltsberg,pvansaltsbergmu@t-online.de
824,Harbert,Govey,hgoveymv@t-online.de
825,Stevana,Musselwhite,smusselwhitemw@list-manage.com
826,Riley,Surgener,rsurgenermx@amazon.co.uk
827,Frazer,Medforth,fmedforthmy@ameblo.jp
828,Kare,Kellegher,kkelleghermz@pagesperso-orange.fr
829,Hazlett,Caves,hcavesn0@opera.com
830,Jo,Sowden,jsowdenn1@newsvine.com
831,Estella,Croft,ecroftn2@dell.com
832,Francklyn,Lane,flanen3@illinois.edu
833,Turner,Rottger,trottgern4@blogger.com
834,Giorgia,Jedrzejewski,gjedrzejewskin5@toplist.cz
835,Jorey,Barnfield,jbarnfieldn6@godaddy.com
836,Giovanna,Restall,grestalln7@twitpic.com
837,Jackquelin,Roxburgh,jroxburghn8@cargocollective.com
838,Alyosha,Blint,ablintn9@netlog.com
839,Welch,Yerson,wyersonna@utexas.edu
840,Witty,Wheeldon,wwheeldonnb@mediafire.com
841,Burty,Lombard,blombardnc@w3.org
842,Nichol,Hingeley,nhingeleynd@yellowpages.com
843,Sauveur,Cheeld,scheeldne@weather.com
844,Deeyn,Ilsley,dilsleynf@mayoclinic.com
845,Guinevere,Jorczyk,gjorczykng@wordpress.org
846,Patricio,Lease,pleasenh@opera.com
847,Tawnya,Heinicke,theinickeni@arstechnica.com
848,Pattie,Gallie,pgallienj@privacy.gov.au
849,Edgar,Drever,edrevernk@indiegogo.com
850,Vicky,Twell,vtwellnl@trellian.com
851,Rosemarie,Newcombe,rnewcombenm@nature.com
852,Lavena,Chastaing,lchastaingnn@ibm.com
853,Maxine,Joney,mjoneyno@yolasite.com
854,Lizette,Strettell,lstrettellnp@photobucket.com
855,Phillida,Baskwell,pbaskwellnq@icq.com
856,Hall,Binnall,hbinnallnr@zimbio.com
857,Hinda,Tamblyn,htamblynns@addthis.com
858,Caryl,Baldazzi,cbaldazzint@microsoft.com
859,Roderigo,Ferras,rferrasnu@craigslist.org
860,Rhodia,Babe,rbabenv@topsy.com
861,Celestine,Ferrea,cferreanw@deliciousdays.com
862,Padget,Sanchez,psancheznx@myspace.com
863,Lynelle,Gypson,lgypsonny@examiner.com
864,Harland,Pietrowski,hpietrowskinz@sciencedirect.com
865,Mariann,Cluely,mcluelyo0@earthlink.net
866,Arlen,Casterou,acasterouo1@dailymail.co.uk
867,Francis,Francklyn,ffrancklyno2@lycos.com
868,Loren,MacNeachtain,lmacneachtaino3@unc.edu
869,Ketti,Draisey,kdraiseyo4@nydailynews.com
870,Claresta,Bosnell,cbosnello5@ca.gov
871,Irwin,Doncaster,idoncastero6@rakuten.co.jp
872,Redd,O'Loinn,roloinno7@mozilla.com
873,Ogdon,Walker,owalkero8@vk.com
874,Denny,Zamboniari,dzamboniario9@redcross.org
875,Ashlen,Ivanisov,aivanisovoa@yelp.com
876,Braden,Lithcow,blithcowob@bloglovin.com
877,Garry,Kerridge,gkerridgeoc@wufoo.com
878,Helenka,Rathbourne,hrathbourneod@rambler.ru
879,Juliana,Rexworthy,jrexworthyoe@angelfire.com
880,Nancey,Pinnigar,npinnigarof@adobe.com
881,Jamie,Esler,jeslerog@joomla.org
882,Yorgos,Berrey,yberreyoh@deliciousdays.com
883,Annnora,Cream,acreamoi@gnu.org
884,Garreth,Houchin,ghouchinoj@furl.net
885,Rosanne,Ollerenshaw,rollerenshawok@answers.com
886,Glenda,Breslau,gbreslauol@gov.uk
887,Clement,Dimont,cdimontom@oracle.com
888,Waite,Newens,wnewenson@google.ru
889,Martelle,Sambiedge,msambiedgeoo@mlb.com
890,Irita,Briers,ibriersop@clickbank.net
891,Lindy,Le Page,llepageoq@unicef.org
892,Bridie,Sibthorp,bsibthorpor@shutterfly.com
893,Isac,Cason,icasonos@blinklist.com
894,Andreas,Mault,amaultot@php.net
895,Roseanna,Darwood,rdarwoodou@dailymail.co.uk
896,Kayle,Bake,kbakeov@opensource.org
897,Odey,Gosneye,ogosneyeow@ibm.com
898,Davide,Bikker,dbikkerox@alexa.com
899,Wynnie,Cutmere,wcutmereoy@vkontakte.ru
900,Alfreda,Mateiko,amateikooz@redcross.org
901,Madlin,Knights,mknightsp0@wikia.com
902,Ellissa,Dugood,edugoodp1@elegantthemes.com
903,Vinny,De Vuyst,vdevuystp2@engadget.com
904,Percy,Ferrarese,pferraresep3@paypal.com
905,Micah,Sonner,msonnerp4@loc.gov
906,Rebbecca,Matiewe,rmatiewep5@prlog.org
907,Abelard,Wattisham,awattishamp6@bravesites.com
908,Hortensia,Scorthorne,hscorthornep7@zimbio.com
909,Kassia,Schuricke,kschurickep8@apache.org
910,Sacha,Rathe,srathep9@ebay.co.uk
911,Koren,Syddie,ksyddiepa@dailymail.co.uk
912,Nappy,Borges,nborgespb@cbslocal.com
913,Mikel,Joppich,mjoppichpc@va.gov
914,Maybelle,Blaylock,mblaylockpd@cafepress.com
915,Guenevere,Andrewartha,gandrewarthape@fema.gov
916,Haydon,Joskovitch,hjoskovitchpf@ebay.com
917,Benson,Vaugham,bvaughampg@addtoany.com
918,Tessy,Cashen,tcashenph@mediafire.com
919,Stillman,Hullin,shullinpi@seattletimes.com
920,Kerwinn,Nannoni,knannonipj@trellian.com
921,Holly,Neising,hneisingpk@networkadvertising.org
922,Reynolds,Aughtie,raughtiepl@themeforest.net
923,Sidoney,Silversmidt,ssilversmidtpm@comcast.net
924,Sybilla,O'Concannon,soconcannonpn@blinklist.com
925,Emilie,Shalcras,eshalcraspo@istockphoto.com
926,Sara,Frier,sfrierpp@cbc.ca
927,Alli,Cleobury,acleoburypq@cnn.com
928,Max,Sifflett,msifflettpr@etsy.com
929,Felisha,Millgate,fmillgateps@reuters.com
930,Ethelind,Hilhouse,ehilhousept@deliciousdays.com
931,Mendy,Seyffert,mseyffertpu@shinystat.com
932,Darrick,Beri,dberipv@seesaa.net
933,Derril,McCoole,dmccoolepw@omniture.com
934,Wenona,Itzkovwitch,witzkovwitchpx@gnu.org
935,Moishe,Antonescu,mantonescupy@amazon.de
936,Diena,MacEvilly,dmacevillypz@state.tx.us
937,Angel,Dymott,adymottq0@live.com
938,Niko,Stelljes,nstelljesq1@twitpic.com
939,Cyril,Dureden,cduredenq2@youku.com
940,Alie,Winckles,awincklesq3@kickstarter.com
941,Sollie,Cleef,scleefq4@opera.com
942,Esma,Crevy,ecrevyq5@nasa.gov
943,Dorie,Bread,dbreadq6@tiny.cc
944,Ashia,Keaysell,akeaysellq7@studiopress.com
945,Dedie,Tookey,dtookeyq8@yellowbook.com
946,Ignacio,Laneham,ilanehamq9@foxnews.com
947,Jabez,Marzelle,jmarzelleqa@goodreads.com
948,Brandy,Rackley,brackleyqb@nytimes.com
949,Waldon,Grzeszczak,wgrzeszczakqc@netvibes.com
950,Joshia,Dreghorn,jdreghornqd@ibm.com
951,Jonie,Wightman,jwightmanqe@bandcamp.com
952,Geraldine,Sauvan,gsauvanqf@cornell.edu
953,Min,Jane,mjaneqg@weebly.com
954,Michal,Garmons,mgarmonsqh@mozilla.org
955,Margot,Guinane,mguinaneqi@diigo.com
956,Kiah,Cowern,kcowernqj@tmall.com
957,Connie,Monery,cmoneryqk@constantcontact.com
958,Karola,Greenhowe,kgreenhoweql@bigcartel.com
959,Margarete,Westphal,mwestphalqm@flickr.com
960,Rasla,Greneham,rgrenehamqn@china.com.cn
961,Faydra,O'Mahoney,fomahoneyqo@yahoo.co.jp
962,Abraham,Durning,adurningqp@blinklist.com
963,Charmain,Wharram,cwharramqq@jugem.jp
964,Domenico,Morfett,dmorfettqr@auda.org.au
965,Gunther,Gainsburgh,ggainsburghqs@usnews.com
966,Elisabetta,Westgarth,ewestgarthqt@sfgate.com
967,Odessa,Darlington,odarlingtonqu@mail.ru
968,Phyllys,Bailie,pbailieqv@prlog.org
969,Martino,Cazereau,mcazereauqw@nytimes.com
970,Pegeen,Collings,pcollingsqx@xinhuanet.com
971,Blanch,Acome,bacomeqy@1und1.de
972,Loralee,Mugford,lmugfordqz@livejournal.com
973,Harv,Fernao,hfernaor0@moonfruit.com
974,Matteo,Measham,mmeashamr1@purevolume.com
975,Alphonso,Copson,acopsonr2@dailymotion.com
976,Delila,Newstead,dnewsteadr3@cmu.edu
977,Bone,Reichartz,breichartzr4@cam.ac.uk
978,Jourdan,McGeoch,jmcgeochr5@spotify.com
979,Reube,Gedling,rgedlingr6@drupal.org
980,Gilbert,Chidgey,gchidgeyr7@soup.io
981,Scotty,Huitson,shuitsonr8@fema.gov
982,Cyb,Puffett,cpuffettr9@weather.com
983,Debor,Rasch,draschra@cbsnews.com
984,Gates,Vaisey,gvaiseyrb@amazon.co.uk
985,Keen,Hender,khenderrc@cmu.edu
986,Seymour,Fowls,sfowlsrd@house.gov
987,Ellette,Flanaghan,eflanaghanre@dmoz.org
988,Salim,Crowhurst,scrowhurstrf@123-reg.co.uk
989,Dniren,Licari,dlicarirg@noaa.gov
990,Loydie,Hackleton,lhackletonrh@redcross.org
991,Iver,Boskell,iboskellri@state.tx.us
992,Agnese,Jarville,ajarvillerj@nba.com
993,Auberta,Wanless,awanlessrk@princeton.edu
994,Claus,Danielsen,cdanielsenrl@digg.com
995,Marlow,Viegas,mviegasrm@omniture.com
996,Hunter,Jeffcoat,hjeffcoatrn@sphinn.com
997,Wandis,Huffadine,whuffadinero@multiply.com
998,Cosimo,Buckham,cbuckhamrp@mediafire.com
999,Esdras,Speedy,espeedyrq@diigo.com
1000,Dominica,Wooldridge,dwooldridgerr@dyndns.org
